좋은 친구부터,궁금한 게 있는데 넌 단 음식 잘 먹냐? 난 어릴 적부터 단걸 싫어해서 먹어본 적이 별로 없어,,
,"> 근데 최근에 오랜 친구한테 마카롱이란 걸 받았단 말이지 그래서 한번 먹어봤는데 맛이 꽤 괜찮더라고! 음, 가끔씩은 그런 군것질도 괜찮은 것 같아!",,
,"> 근데 얼마 전에 오랜 친구가 하도 추천하길래 파르페라는 걸 먹어봤거든?! 달콤하고 차가워서 머리가 찡 울리길래 깜짝 놀랐지 뭐냐! 음, 가끔씩은 그런 군것질도 괜찮은 것 같아!",,
,"> 근데 요전에 오랜 친구한테 러스크라는 걸 받았단 말이지! 한 번도 먹어본 적 없는 단 음식이라니! 모험하는 셈 치고 입에 딱 넣었는데 바삭바삭한 게 제법 괜찮더라고! 음, 가끔씩은 그런 군것질도 괜찮은 것 같아!",,
,,,
,궁금한 게 있는데 맑은 날이랑 비 오는 날 중에 넌 어떤 날이 더 좋냐?,,
,선택지,맑은 날,> 사실 난 해를 부르는 남자거든 중요한 일이 있는 날엔 절대 비가 내리지 않아! 소풍이나 운동회 전날 밤에는 내 생각을 해봐! 어쩌면 진짜로 날이 갤지 모르니까! 으-하하핫!
,,비 오는 날,"> 흠, 비를 좋아하나 보군 제법 멋을 아는 녀석이야! 비 오는 날은 개구리나 달팽이 같은 녀석들이나 좋아하는 줄 알았어! 너처럼 비를 좋아한다고 당당하게 말하는 녀석 마음에 들어!"
,,흐린 날,> 흐린 날이라 아무래도 진심인 것 같군! 난 뭐든 딱 자르는 성격이라 말이 좀 거칠어질 때도 있는데 넌 어느 한쪽으로 치우치지 않는 배려심을 갖고 있는 것 같네!
,,,
,이 세상은 점점 편리해지고 있어! 근데 가끔 편리함만을 추구해도 되나? 이런 생각이 든단 말이지,,
,"> 예를 들면 계산기! 난 역시 주판이 좋아! 알을 탁탁 튕기는 그 느낌, 경쾌한 소리! 디지털 도구로는 그 즐거움을 느낄 수 없지! 주판을 롤러스케이트 삼아 달렸다가 호되게 혼나는 경험도 계산기로는 느낄 수 없다고! 으-하하핫!",,
,> 예를 들면 이메일! 난 역시 편지가 좋아! 한 글자 한 글자 정성 들여서 쓰면 마음이 더 잘 전해진다고! 비록 글씨는 서툴지만 내 진심을 상대에게 전하고 싶어!,,
,> 예를 들면 티슈! 난 역시 걸레가 좋아! 물만 조금 흘려도 금세 티슈에 손이 가기 마련이지만 아깝지 않냐? 걸레는 여러 번 빨아서 쓸 수 있으니까 더 편하게 쓸 수 있다고!,,
,,,
,그러고 보니 너 그거 아냐?,,
,"> 바다의 우유라고 불리는 굴에는 타우린이라는 성분이 1,000mg도 넘게 들어 있다고 하더라?! 힘을 팍! 써야 할 때 먹으면 좋겠어! 으-하하핫!",,
,> 달콤하고 부드러운 벌꿀은 그 성분과 수분 함유량 때문에 절대 안 썩는다고 하더라?! 난 단걸 싫어해서 별 상관은 없지만 말야! 으-하하핫!,,
,"> 빙수에 뿌리는 과일 시럽 말인데 딸기나 메론이나 색과 냄새만 다르지, 맛은 똑같다고 하더라?! 머리가 찡해지는 것도 맛이랑 상관없이 똑같고 말야! 으-하하핫!",,
,,,
,"너, 컴퓨터라는 거 만져본 적 있냐? 난 얼마 전에 친구 집에서 처음 만져봤는데 컴퓨터는 그 좀 전문 용어가 어렵지 않냐?",,
,> 친구가 나보고 '일단 창을 열어봐'라길래 갑자기 뭔 소린가 싶었지! 일어나서 방 창문을 열었는데 그 녀석이 배꼽 빠져라 웃더라고,,
,> 친구가 나보고 '마우스로 클릭'을 해보라는데 뭔 소리를 하나 싶었지! 컴퓨터에 연결된 작은 덩어리로 화면을 탕탕 두드렸더니 깜짝 놀라서 말리더라니까!,,
,> 친구가 나보고 '드래그 앤 드롭'을 해보라는데 뭔 소리야 싶었어! '잡아서 던지다' 라는 뜻이니까 컴퓨터를 들어올렸더니 파랗게 질려서는 날 말리더라고!,,
,,,
,내가 살던 곳에 좀 특이한 친구가 있었는데 걔가 말이야,,
,"> 스마트폰으로 노래를 듣다가 갑자기 가방 속을 뒤지는 게 아니겠어? '뭐 찾는 거 있냐?' 하고 물었더니 '스마트폰이 없어!' 라고 하지 뭐냐! 너무 웃겨서, 한동안 그대로 가만히 뒀어!",,
,"> 디지털 시계의 숫자가 다 똑같아지면 갑자기 흥분하면서 나한테도 보라고 성화를 부리곤 했어 걔 때문에 요즘엔 나도 숫자가 다 똑같아지길 기다리게 됐지 뭐냐 나, 남한테 영향을 잘 받는 타입인가 봐!",,
,> 쌍둥이였어 쌍둥이는 텔레파시가 통한다고들 하잖아? 그래서 그런가? 어느 날은 둘 다 똑같이 머리가 뻗쳤더라구! 아무리 나라도 웃음이 터지고 말았어! 걔네한테 기념 사진도 찍어줬어!,,
,,,
,"지금! xx에 뭐가 필요한지 넌 아냐? 바로 똑 부러지는 리더다! 그리고 xx에 어울리는 리더 하면 역시 나 아니겠냐! 내가 이 xx의 정상에 설 수 있게 존재감을 팍팍 어필할 수 있는 일화를 슬쩍 흘려줘, 부탁한다!",,
,,,
,잠깐 얘기 좀 들어줘라! 내가 땅을 파다가 어마어마한 보물을 발견했다는 소문이 돌았던데 전혀 그런 기억이 없어서 당황했다구 그래서 진상을 파헤쳐봤더니 어릴 때 묻은 유리구슬 얘기였지 뭐냐 역시 소문은 참 무서워 여러 사람들 사이에서 돌고 돌면서 유리구슬이 보물로 둔갑하다니!,,
베스트 프렌드 타입 A,나 요즘 제대로 보진 않아도 배경음 삼아서 TV를 계속 켜 놓곤 하거든 넌 어때? 하루에 TV를 몇 시간 정도 보냐?,,
,선택지,한 시간쯤,"> 흠흠, 그렇군 보고 싶은 방송만 보는 건가? 사실 난 동물이나 어린이가 나오는 방송에 완전 약하거든 그런 감동적인 장르는 울컥해서 눈물을 흘리곤 해서 혼자 있을 때가 아니면 못 봐!"
,,거의 안 봐,> 흠~ 그렇군! 요즘은 TV 없이 사는 녀석들도 제법 많다지? 사람들의 취미나 취향도 다양해졌고 말야! 이것도 시대의 흐름인가
,,하루 종일!,> 오~ 완전 TV에 푹 빠져서 사나 본데?! 근데 너 그랬다간 낚시나 곤충채집할 시간이 없어지는 거 아니냐?! 뭐든지 '적당히'가 좋은 거야! 으-하하핫!
,,,
,"그나저나 너, 뭐 싫어하는 거 없냐? 난 말이지, 웬만한 건 다 괜찮고 참을 수 있는데 병원만은 도저히 못 참겠더라!",,
,"> 병원 하면 제일 먼저 주사가 생각나잖아?! 주사 놓을 때마다 선생님이 '안 아파요~' 라고 하는데 한 번도 안 아팠던 적이 없었다고! 안 돼, 싫어! 주사는 절대 안 맞을 거야!",,
,> 병원만 가면 왜 특유의 냄새가 있잖아? 소독약인지 뭔지 대기실에 감도는 그 묘한 냄새 말야! 세균과 함께 나까지 소독당하는 기분이라 영 마음에 안 든다니까,,
,> 어렸을 땐 다치거나 열이 나는 일로 부모님이랑 같이 다녔는데 요즘은 건강 검진 때문에 가는 경우가 많단 말이지 옛날부터 난 검사니 시험이니 하는 게 싫었어,,
,,,
,지금이야 많이 유해졌지만 나도 한때는 바보처럼 허세를 부리던 시기가 있었지!,,
,> 신발이 모종삽인가 싶을 정도로 앞코가 뾰족한 것만 골라서 신고 다니고 말야 계단에선 걷기가 힘들어서 죽는 줄 알았다니까!,,
,"> 바지는 '저거, 치마 아니야?' 할 정도로 헐렁한 것만 골라서 입고 다녔지 한쪽 구멍에 두 다리를 다 넣는 바람에 급한데 종종걸음밖에 못 해서 진땀을 뺀 적도 있었다니까!",,
,"> 자전거는 안장을 확 낮추고 핸들을 확 올려서는 만세하는 자세로 타고 다녔다니까 팔은 뻐근하지, 페달은 밟기 힘들지 걷는 것만도 못했어!",,
,,,
,"헤헷 아니 방금 말이야, 어렸을 때 하던 놀이가 갑자기 생각나서",,
,> 술래잡기 알지? 난 술래가 된 적도 거의 없고 항상 제일 마지막에 잡혔거든! 너무 이상하다는 생각을 하다가 나중에 알게 된 사실인데 내가 술래가 되면 진짜 무섭게 잡아서 나한테 술래를 시키지 말자는 규칙이 있었던 모양이야!,,
,> 소꿉놀이 알지? 난 늘 엄마에게 혼나는 아빠 역할이었어! 한 번이라도 아기 역할을 맡아서 옳지 착하다 하고 엄마가 쓰다듬어 주는 손길을 느껴보고 싶었다고,,
,> 단체 줄넘기 알지? 난 늘 들어가기만 하면 걸려서 줄 돌리는 역할만 맡았거든 붕붕 붕붕 하염없이 줄만 돌렸더니 어깨가 이렇게 우람해졌다니까!,,
,,,
,난 사진발이 너무 안 좋아! 어떻게 하면 인상 좋게 나오는 거야?,,
,"> 난, 카메라만 보면 나도 모르게 힘이 들어가서 노려보게 되더라구! 차라리 너랑 얘기하는 모습을 찍으면 호감형으로 나올지도 몰라!",,
,> 자연스러운 포즈 를 취하라고들 하는데 애초에 포즈를 취한다는 것 자체가 자연스럽지 못한 행동 아니냐?! 역시 팔짱을 끼고 강렬한 눈빛으로 쳐다보는 게 세보이고 좋지 않나?,,
,,,
,"난 별이 가득한 하늘을 보면 그게 생각난단 말이지 그 왜, 그거 있잖아",,
,"> 야경! 뭐, 흔해빠진 얘기지만 고향 친구랑 등산했을 때 본 야경이 진짜로 엄청 아름다웠거든~ 이 섬은 야경이라고 할 만한 건 없지만 밤하늘의 별이 참 아름다워 뭐, 어쨌거나 즐거우면 됐지!",,
,"> 별사탕! 작고 동그랗고 뾰족뾰족하고 그치? 비슷하지 않냐?! 그러고 보니, 내 어릴 적 사진 중에 잠자리채를 들고 별을 보고 있는 게 있었는데 설마 그때부터 그 생각을 했나?",,
,"> 밥그릇에 묻은 밥풀! 까만 밥그릇에 하얀 밥풀이 군데군데 그러고 보니, 밥풀 하니까 생각났는데 내가 맨날 사고를 치고 다녀도 아무 말 않던 우리 할머니 밥풀 남기는 것만큼은 호랑이처럼 화를 내셨었지",,
베스트 프렌드 타입 B,너 분재에 관심 있냐? 난 좋아하는데! 내 인생의 동반자라고도 할 수 있지! 근데 말이지 아직도 공부할 게 산더미라서 초짜 신세를 벗어날 수가 없어!,,
,> 음 분재는 화분 밑에 뚫린 구멍을 이용해서 나무를 고정하는데 그거 알아? 나무를 단단히 고정하는 게 가장 중요해! 그래야 수분과 영양을 잘 흡수할 수 있지! 단단히 발을 디디는 게 중요한 건 동물이나 식물이나 마찬가지라고!,,
,"> 음 분재에 물을 주려면 아침 일찍 주는 게 좋다는 사실, 알아? 낮에 주는 것보다 더 잘 자라거든! 참고로 나도 아침 목욕을 좋아해! 상쾌한 기분으로 하루를 시작할 수 있으니까!",,
,"> 음 분재가 커지면 화분을 바꿔줘야 한다는 사실, 알아? 작아진 화분에 그대로 두면 뿌리가 썩어서 시들어버린다고! 나만 해도, 작은 집보다는 편하게 두 다리를 뻗을 수 있는 큰 집을 좋아해!",,
,,,
,"너, 자기 소지품에 애착은 갖고 있냐? 잔소리처럼 느껴질지도 모르겠지만 귀담아서 잘 들어봐!",,
,> 사물을 소중히 한다는 건 그냥 갖고만 있어서 되는 일이 아냐! 정성스럽게 아끼는 마음가짐이 있어야 하는 거지! 그렇지 못한 녀석들은 사람을 상대로도 배려할 줄 모르는 녀석들이라고 생각해!,,
,> 물건을 다루는 방식을 보면 그 사람의 내면을 알 수가 있어! 물건을 조심조심 쓰다 보면 평소에도 말이나 행동이 부드러워지기 마련이야!,,
,> 사물에도 영혼이 깃든다 이런 얘기 들어본 적 있냐? 난 필요 없어졌다고 쉽게 물건을 버리는 건 좋지 못한 행동이라고 생각해! 리폼해서 새것처럼 만들 수도 있잖아? 도전 정신이 샘솟지 않냐?,,
,,,
,너도 그렇겠지만 누구든 보물로 여기는 물건이 하나쯤은 있을 거야!,,
,> 내 보물은 역시 뭐니 뭐니 해도 메시지 카드지! 보낸 사람이 누구든 상관없어! 상대방의 솔직한 마음이 느껴져서 기쁘거든! 옛날에 받은 것들은 너무 오래돼서 너덜너덜해졌지만 그래도 버릴 수가 없더라고!,,
,> 내 보물은 어렸을 때 강가에서 주운 돌이야! 반짝반짝 매끈매끈 그땐 진짜 보석이라고 믿었을 정도라니까! 지금도 상자에 넣어서 소중히 보관하고 있지! 가끔 꺼내서 구경하곤 해!,,
,> 내 보물은 어릴 적 아빠가 주신 낡은 라디오야! 다이얼을 돌리면 잡음과 함께 낯선 음악이나 말소리가 들리는데 들을 때마다 가슴이 뛰곤 했어!,,
,,,
,있잖아 요즘 여자들의 패션이란 대체 뭘까,,
,> 가끔 보이는 옷 중에 셔츠나 치마에 팔랑거리는 게 가득 붙어 있는 경우가 있거든? 그거는 하나하나 다리미로 다릴 수나 있는 건지 원내 셔츠는 주름이 가지 않는 재질이라 다릴 필요가 없지만!,,
,> 가끔 보이던데 끈 달린 부츠 있잖냐? 그거 신으려면 한참을 묶어야 할 텐데 나 같으면 신발을 신다가 지쳐서 외출을 포기할지도 몰라!,,
,"> 가끔 보이던데 엄청 챙이 넓은 모자 있잖냐? 그거, 햇볕은 잘 막아주겠지만 앞이 제대로 보이긴 할까? 게다가 가까이 가면 부딪힐 것 같아서 좀 무섭단 말이지",,
,,,
,인생은 한 번뿐이잖냐! 그래서 나는 내 인생의 모토로 삼고 있는 게 있어!,,
,"> 음, 한마디로 표현하면 '솔직하게 살자! 거짓말은 절대 하지 않는다! 내 마음을 솔직하게 받아들인다!' 쉬워 보이지만 의외로 지키기 힘들 때가 있다니까!",,
,"> 음, 한마디로 표현하면 '모든 일에 최선을 다한다! 내가 할 수 있는 일을 열심히 한다! 후회는 하지 않는다!' 어때? 멋지지 않냐? 근데 조금만 긴장을 늦추면 나도 모르게 빈둥대게 되더라고!",,
,"> 음, 한마디로 표현하면 '중간에 포기하지 않는다! 결심한 건 끝까지 한다! 실패해도 포기하지 않는다!' 어때? 멋지지 않냐? 계속 뜻대로 풀리지 않으면 기운이 빠질 때도 있지만 말야!",,
,,,
,"예전에, 내가 DIY를 갓 시작한 초심자였을 때는 여러 해프닝이 있었어",,
,"> 시간 때울 겸 시작한 건데 문득 정신을 차려보니까 밖이 캄캄해져 있더라 하루 종일 먹지도 마시지도 않고 몰두했던 거야 그땐 정말, 젊었으니 별일 없었던 거지 지금 그러면 잠깐 하고 뻗을걸? 서서 일하면 허리가 아파서 말이야",,
,"> 분명 레시피대로 만들었는데 어디서 뭘 어떻게 틀린 건지 뭔 요상한 게 만들어져서는 근데 또 가족들이 엄청 웃는 건 기분 나쁘더라! 이게 제대로 된 거야! 라고 큰소리치고선 오기로 장식해뒀었지,",,
,"> 한 손으로 망치를 땅땅 두들기다가 무심코 손가락을 찧어 버린 거야! 너무 아파서 망치를 손에서 놓쳤어 그랬더니, 떨어진 망치가 이번엔 또 발에! 엎친 데 덮친 격이라는 게 이런 거구나 싶더라고 헤헷, 콩트 같지 않냐?",,